,order_number,reference,quantity,ship_out_date,arrival_date
0,WCI124221,R308404,414,,21.06.2021
1,WCI124221,R308404,414,,12.07.2021
2,WCI124221,R308404,0,,30.08.2021
3,WCI124221,R308404,414,,06.09.2021
4,WCI124221,R308404,414,,01.11.2021
5,WCI124221,R308404,414,,13.12.2021
6,WCI124221,R308404,0,,17.01.2022
7,WCI124221,R308404,414,,24.01.2022
8,WCI124221,R308404,0,,28.02.2022
9,WCI124221,R308404,414,,07.03.2022
10,WCI124221,R308404,414,,04.04.2022
11,WCI124221,R308404,414,,16.05.2022
12,WCI124221,R308404,0,,30.05.2022
13,WCI124221,R308404,414,,21.06.2021
14,WCI124221,R308404,414,,12.07.2021
15,WCI124221,R308404,0,,23.08.2021
16,WCI124221,R308404,414,,30.08.2021
17,WCI124221,R308404,414,,01.11.2021
18,WCI124221,R308404,0,,08.11.2021
19,WCI124221,R308404,414,,13.12.2021
20,WCI124221,R308404,414,,17.01.2022
21,WCI124221,R308404,0,,24.01.2022
22,WCI124221,R308404,414,,07.03.2022
23,WCI124221,R308404,414,,11.04.2022
24,WCI124221,R308404,0,,18.04.2022
25,WCI124221,R308404,414,,21.06.2021
26,WCI124221,R308404,414,,12.07.2021
27,WCI124221,R308404,414,,30.08.2021
28,WCI124221,R308404,414,,01.11.2021
29,WCI124221,R308404,414,,13.12.2021
30,WCI124221,R308404,414,,17.01.2022
31,WCI124221,R308404,414,,28.02.2022
32,WCI124221,R308404,414,,04.04.2022
33,WCI124221,R308404,414,,30.05.2022
34,WCI124221,R308404,414,,01.11.2021
35,WCI124221,R308404,414,,22.11.2021
36,WCI124221,R308404,414,,03.01.2022
37,WCI124221,R308404,414,,07.02.2022
38,WCI124221,R308404,414,,14.03.2022
39,WCI124221,R308404,414,,11.04.2022
40,WCI124221,R308404,414,,16.05.2022
41,WCI124221,R308404,0,,23.05.2022
42,WCI124221,R308404,414,,20.06.2022
43,WCI124221,R308404,414,,01.08.2022
44,WCI124221,R308404,0,,08.08.2022
45,WCI124221,R308404,414,,21.06.2021
46,WCI124221,R308404,414,,12.07.2021
47,WCI124221,R308404,414,,30.08.2021
48,WCI124221,R308404,414,,01.11.2021
49,WCI124221,R308404,414,,13.12.2021
50,WCI124221,R308404,414,,17.01.2022
51,WCI124221,R308404,414,,28.02.2022
52,WCI124221,R308404,0,,07.03.2022
53,WCI124221,R308404,414,,04.04.2022
54,WCI124221,R308404,0,,11.04.2022
55,WCI124221,R308404,414,,21.06.2021
56,WCI124221,R308404,414,,05.07.2021
57,WCI124221,R308404,0,,12.07.2021
58,WCI124221,R308404,414,,16.08.2021
59,WCI124221,R308404,0,,23.08.2021
60,WCI124221,R308404,414,,01.11.2021
61,WCI124221,R308404,414,,13.12.2021
62,WCI124221,R308404,0,,17.01.2022
63,WCI124221,R308404,414,,24.01.2022
64,WCI124221,R308404,414,,07.03.2022
65,WCI124221,R308404,0,,18.04.2022
66,WCI124221,R308404,414,,25.04.2022
67,WCI124221,R308404,414,,01.11.2021
68,WCI124221,R308404,0,,15.11.2021
69,WCI124221,R308404,414,,22.11.2021
70,WCI124221,R308404,0,,27.12.2021
71,WCI124221,R308404,414,,03.01.2022
72,WCI124221,R308404,0,,31.01.2022
73,WCI124221,R308404,414,,07.02.2022
74,WCI124221,R308404,0,,07.03.2022
75,WCI124221,R308404,414,,14.03.2022
76,WCI124221,R308404,414,,11.04.2022
77,WCI124221,R308404,0,,16.05.2022
78,WCI124221,R308404,414,,23.05.2022
79,WCI124221,R308404,414,,20.06.2022
80,WCI124221,R308404,414,,08.08.2022
81,WCI124221,R308404,414,,21.06.2021
82,WCI124221,R308404,414,,12.07.2021
83,WCI124221,R308404,0,,23.08.2021
84,WCI124221,R308404,414,,30.08.2021
85,WCI124221,R308404,414,,01.11.2021
86,WCI124221,R308404,0,,08.11.2021
87,WCI124221,R308404,414,,13.12.2021
88,WCI124221,R308404,414,,17.01.2022
89,WCI124221,R308404,0,,24.01.2022
90,WCI124221,R308404,414,,07.03.2022
91,WCI124221,R308404,414,,11.04.2022
92,WCI124221,R308404,0,,18.04.2022
93,WCI124221,R308404,414,,21.06.2021
94,WCI124221,R308404,414,,12.07.2021
95,WCI124221,R308404,414,,23.08.2021
96,WCI124221,R308404,0,,13.09.2021
97,WCI124221,R308404,414,,01.11.2021
98,WCI124221,R308404,414,,13.12.2021
99,WCI124221,R308404,414,,17.01.2022
100,WCI124221,R308404,0,,24.01.2022
101,WCI124221,R308404,414,,07.03.2022
102,WCI124221,R308404,414,,18.04.2022
103,WCI124221,R308404,414,,03.05.2021
104,WCI124221,R308404,414,,21.06.2021
105,WCI124221,R308404,414,,12.07.2021
106,WCI124221,R308404,0,,09.08.2021
107,WCI124221,R308404,414,,13.09.2021
108,WCI124221,R308404,0,,11.10.2021
109,WCI124221,R308404,414,,01.11.2021
110,WCI124221,R308404,0,,15.11.2021
111,WCI124221,R308404,414,,13.12.2021
112,WCI124221,R308404,0,,03.01.2022
113,WCI124221,R308404,414,,24.01.2022
114,WCI124221,R308404,0,,14.02.2022
115,WCI124221,R308404,414,,07.03.2022
116,WCI124221,R308404,0,,28.03.2022
117,WCI124221,R308404,414,,18.04.2022
118,WCI124221,R308404,414,,21.06.2021
119,WCI124221,R308404,0,,05.07.2021
120,WCI124221,R308404,414,,12.07.2021
121,WCI124221,R308404,0,,16.08.2021
122,WCI124221,R308404,414,,23.08.2021
123,WCI124221,R308404,0,,01.11.2021
124,WCI124221,R308404,414,,08.11.2021
125,WCI124221,R308404,414,,13.12.2021
126,WCI124221,R308404,414,,24.01.2022
127,WCI124221,R308404,414,,07.03.2022
128,WCI124221,R308404,414,,18.04.2022
129,WCI124221,R308404,0,,25.04.2022
130,WCI124221,R308404,414,,01.11.2021
131,WCI124221,R308404,414,,15.11.2021
132,WCI124221,R308404,0,,20.12.2021
133,WCI124221,R308404,0,,10.01.2022
134,WCI124221,R308404,414,,17.01.2022
135,WCI124221,R308404,0,,07.02.2022
136,WCI124221,R308404,414,,21.02.2022
137,WCI124221,R308404,0,,07.03.2022
138,WCI124221,R308404,414,,28.03.2022
139,WCI124221,R308404,0,,04.04.2022
140,WCI124221,R308404,414,,02.05.2022
141,WCI124221,R308404,0,,09.05.2022
142,WCI124221,R308404,414,,06.06.2022
143,WCI124221,R308404,0,,13.06.2022
144,WCI124221,R308404,414,,18.07.2022
145,WCI124221,R308404,0,,01.08.2022
146,WCI124221,R308404,414,,12.09.2022
147,WCI124221,R308404,414,,01.11.2021
148,WCI124221,R308404,0,,15.11.2021
149,WCI124221,R308404,414,,22.11.2021
150,WCI124221,R308404,0,,27.12.2021
151,WCI124221,R308404,414,,03.01.2022
152,WCI124221,R308404,0,,31.01.2022
153,WCI124221,R308404,414,,07.02.2022
154,WCI124221,R308404,0,,07.03.2022
155,WCI124221,R308404,414,,14.03.2022
156,WCI124221,R308404,414,,11.04.2022
157,WCI124221,R308404,0,,16.05.2022
158,WCI124221,R308404,414,,23.05.2022
159,WCI124221,R308404,414,,20.06.2022
160,WCI124221,R308404,414,,08.08.2022
161,WCI124221,R308404,414,,01.11.2021
162,WCI124221,R308404,414,,15.11.2021
163,WCI124221,R308404,414,,10.01.2022
164,WCI124221,R308404,0,,17.01.2022
165,WCI124221,R308404,414,,14.02.2022
166,WCI124221,R308404,0,,21.02.2022
167,WCI124221,R308404,414,,21.03.2022
168,WCI124221,R308404,0,,28.03.2022
169,WCI124221,R308404,414,,18.04.2022
170,WCI124221,R308404,0,,02.05.2022
171,WCI124221,R308404,414,,30.05.2022
172,WCI124221,R308404,0,,06.06.2022
173,WCI124221,R308404,414,,11.07.2022
174,WCI124221,R308404,0,,18.07.2022
175,WCI124221,R308404,414,,15.08.2022
176,WCI124221,R308404,0,,12.09.2022
177,WCI124221,R308404,414,,01.11.2021
178,WCI124221,R308404,414,,15.11.2021
179,WCI124221,R308404,414,,10.01.2022
180,WCI124221,R308404,0,,17.01.2022
181,WCI124221,R308404,414,,14.02.2022
182,WCI124221,R308404,0,,21.02.2022
183,WCI124221,R308404,414,,21.03.2022
184,WCI124221,R308404,0,,28.03.2022
185,WCI124221,R308404,414,,18.04.2022
186,WCI124221,R308404,0,,02.05.2022
187,WCI124221,R308404,414,,30.05.2022
188,WCI124221,R308404,0,,06.06.2022
189,WCI124221,R308404,414,,11.07.2022
190,WCI124221,R308404,0,,18.07.2022
191,WCI124221,R308404,414,,15.08.2022
192,WCI124221,R308404,0,,12.09.2022
193,WCI124221,R308404,414,,01.11.2021
194,WCI124221,R308404,414,,15.11.2021
195,WCI124221,R308404,414,,03.01.2022
196,WCI124221,R308404,0,,10.01.2022
197,WCI124221,R308404,414,,14.02.2022
198,WCI124221,R308404,414,,07.03.2022
199,WCI124221,R308404,0,,21.03.2022
200,WCI124221,R308404,414,,18.04.2022
201,WCI124221,R308404,414,,30.05.2022
202,WCI124221,R308404,414,,11.07.2022
203,WCI124221,R308404,414,,15.08.2022
204,WCI124221,R308404,414,,01.11.2021
205,WCI124221,R308404,414,,15.11.2021
206,WCI124221,R308404,414,,03.01.2022
207,WCI124221,R308404,0,,10.01.2022
208,WCI124221,R308404,414,,14.02.2022
209,WCI124221,R308404,414,,07.03.2022
210,WCI124221,R308404,0,,21.03.2022
211,WCI124221,R308404,414,,18.04.2022
212,WCI124221,R308404,414,,30.05.2022
213,WCI124221,R308404,414,,11.07.2022
214,WCI124221,R308404,414,,15.08.2022
215,WCI124221,R308404,414,,15.11.2021
216,WCI124221,R308404,0,,03.01.2022
217,WCI124221,R308404,414,,17.01.2022
218,WCI124221,R308404,414,,14.02.2022
219,WCI124221,R308404,0,,07.03.2022
220,WCI124221,R308404,414,,28.03.2022
221,WCI124221,R308404,0,,18.04.2022
222,WCI124221,R308404,414,,25.04.2022
223,WCI124221,R308404,414,,30.05.2022
224,WCI124221,R308404,414,,11.07.2022
225,WCI124221,R308404,414,,15.08.2022
226,WCI124221,R308404,414,,10.10.2022
227,WCI124221,R308404,414,,15.11.2021
228,WCI124221,R308404,0,,03.01.2022
229,WCI124221,R308404,414,,17.01.2022
230,WCI124221,R308404,414,,14.02.2022
231,WCI124221,R308404,0,,07.03.2022
232,WCI124221,R308404,414,,28.03.2022
233,WCI124221,R308404,0,,18.04.2022
234,WCI124221,R308404,414,,25.04.2022
235,WCI124221,R308404,414,,30.05.2022
236,WCI124221,R308404,414,,11.07.2022
237,WCI124221,R308404,414,,15.08.2022
238,WCI124221,R308404,414,,10.10.2022
239,WCI124221,R308404,414,,15.11.2021
240,WCI124221,R308404,414,,17.01.2022
241,WCI124221,R308404,414,,14.02.2022
242,WCI124221,R308404,414,,28.03.2022
243,WCI124221,R308404,414,,25.04.2022
244,WCI124221,R308404,0,,30.05.2022
245,WCI124221,R308404,414,,06.06.2022
246,WCI124221,R308404,0,,11.07.2022
247,WCI124221,R308404,414,,18.07.2022
248,WCI124221,R308404,414,,15.08.2022
249,WCI124221,R308404,414,,10.10.2022
250,WCI124221,R308404,414,,15.11.2021
251,WCI124221,R308404,414,,17.01.2022
252,WCI124221,R308404,0,,14.02.2022
253,WCI124221,R308404,414,,28.02.2022
254,WCI124221,R308404,414,,28.03.2022
255,WCI124221,R308404,0,,25.04.2022
256,WCI124221,R308404,414,,09.05.2022
257,WCI124221,R308404,0,,06.06.2022
258,WCI124221,R308404,414,,20.06.2022
259,WCI124221,R308404,414,,18.07.2022
260,WCI124221,R308404,414,,08.08.2022
261,WCI124221,R308404,0,,15.08.2022
262,WCI124221,R308404,414,,26.09.2022
263,WCI124221,R308404,0,,10.10.2022
264,WCI124221,R308404,414,,15.11.2021
265,WCI124221,R308404,414,,17.01.2022
266,WCI124221,R308404,414,,28.02.2022
267,WCI124221,R308404,414,,28.03.2022
268,WCI124221,R308404,414,,09.05.2022
269,WCI124221,R308404,414,,20.06.2022
270,WCI124221,R308404,414,,18.07.2022
271,WCI124221,R308404,414,,08.08.2022
272,WCI124221,R308404,414,,26.09.2022
273,WCI124221,R308404,414,,31.10.2022
274,WCI124221,R308404,414,,15.11.2021
275,WCI124221,R308404,414,,17.01.2022
276,WCI124221,R308404,0,,28.02.2022
277,WCI124221,R308404,414,,21.03.2022
278,WCI124221,R308404,0,,28.03.2022
279,WCI124221,R308404,414,,02.05.2022
280,WCI124221,R308404,0,,09.05.2022
281,WCI124221,R308404,414,,23.05.2022
282,WCI124221,R308404,0,,20.06.2022
283,WCI124221,R308404,414,,11.07.2022
284,WCI124221,R308404,0,,18.07.2022
285,WCI124221,R308404,414,,25.07.2022
286,WCI124221,R308404,0,,08.08.2022
287,WCI124221,R308404,414,,05.09.2022
288,WCI124221,R308404,0,,26.09.2022
289,WCI124221,R308404,414,,31.10.2022
290,WCI124221,R308404,414,,01.11.2021
291,WCI124221,R308404,414,,15.11.2021
292,WCI124221,R308404,0,,06.12.2021
293,WCI124221,R308404,414,,20.12.2021
294,WCI124221,R308404,0,,03.01.2022
295,WCI124221,R308404,414,,10.01.2022
296,WCI124221,R308404,414,,07.02.2022
297,WCI124221,R308404,414,,07.03.2022
298,WCI124221,R308404,0,,21.03.2022
299,WCI124221,R308404,414,,04.04.2022
300,WCI124221,R308404,0,,18.04.2022
301,WCI124221,R308404,414,,09.05.2022
302,WCI124221,R308404,0,,23.05.2022
303,WCI124221,R308404,414,,13.06.2022
304,WCI124221,R308404,0,,11.07.2022
305,WCI124221,R308404,414,,01.08.2022
306,WCI124221,R308404,0,,05.09.2022
307,WCI124221,R308404,414,,01.11.2021
308,WCI124221,R308404,414,,15.11.2021
309,WCI124221,R308404,0,,22.11.2021
310,WCI124221,R308404,414,,27.12.2021
311,WCI124221,R308404,414,,31.01.2022
312,WCI124221,R308404,414,,07.03.2022
313,WCI124221,R308404,414,,11.04.2022
314,WCI124221,R308404,414,,16.05.2022
315,WCI124221,R308404,0,,23.05.2022
316,WCI124221,R308404,414,,20.06.2022
317,WCI124221,R308404,0,,04.07.2022
318,WCI124221,R308404,414,,08.08.2022
319,WCI124221,R308404,0,,15.08.2022
320,WCI124221,R308404,414,,01.11.2021
321,WCI124221,R308404,414,,15.11.2021
322,WCI124221,R308404,0,,22.11.2021
323,WCI124221,R308404,414,,27.12.2021
324,WCI124221,R308404,414,,31.01.2022
325,WCI124221,R308404,414,,07.03.2022
326,WCI124221,R308404,414,,11.04.2022
327,WCI124221,R308404,414,,16.05.2022
328,WCI124221,R308404,0,,23.05.2022
329,WCI124221,R308404,414,,20.06.2022
330,WCI124221,R308404,0,,04.07.2022
331,WCI124221,R308404,414,,08.08.2022
332,WCI124221,R308404,0,,15.08.2022
333,WCI124221,R308404,414,,30.08.2021
334,WCI124221,R308404,414,,01.11.2021
335,WCI124221,R308404,414,,06.12.2021
336,WCI124221,R308404,0,,13.12.2021
337,WCI124221,R308404,414,,10.01.2022
338,WCI124221,R308404,0,,24.01.2022
339,WCI124221,R308404,414,,14.02.2022
340,WCI124221,R308404,0,,07.03.2022
341,WCI124221,R308404,414,,21.03.2022
342,WCI124221,R308404,0,,04.04.2022
343,WCI124221,R308404,414,,25.04.2022
344,WCI124221,R308404,0,,16.05.2022
345,WCI124221,R308404,414,,30.05.2022
346,WCI124221,R308404,0,,27.06.2022
347,WCI124221,R308404,414,,11.07.2022
348,WCI124221,R308404,414,,30.08.2021
349,WCI124221,R308404,414,,01.11.2021
350,WCI124221,R308404,414,,13.12.2021
351,WCI124221,R308404,0,,17.01.2022
352,WCI124221,R308404,414,,24.01.2022
353,WCI124221,R308404,0,,28.02.2022
354,WCI124221,R308404,414,,07.03.2022
355,WCI124221,R308404,414,,04.04.2022
356,WCI124221,R308404,414,,16.05.2022
357,WCI124221,R308404,414,,27.06.2022
358,WCI124221,R308404,0,,08.08.2022
359,WCI124221,R308404,414,,30.08.2021
360,WCI124221,R308404,414,,01.11.2021
361,WCI124221,R308404,414,,22.11.2021
362,WCI124221,R308404,0,,06.12.2021
363,WCI124221,R308404,414,,27.12.2021
364,WCI124221,R308404,0,,10.01.2022
365,WCI124221,R308404,414,,31.01.2022
366,WCI124221,R308404,0,,14.02.2022
367,WCI124221,R308404,414,,07.03.2022
368,WCI124221,R308404,0,,21.03.2022
369,WCI124221,R308404,414,,11.04.2022
370,WCI124221,R308404,0,,25.04.2022
371,WCI124221,R308404,414,,23.05.2022
372,WCI124221,R308404,0,,30.05.2022
373,WCI124221,R308404,414,,04.07.2022
374,WCI124221,R308404,0,,11.07.2022
375,WCI124221,R308404,414,,15.08.2022
376,WCI124221,R308404,414,,30.08.2021
377,WCI124221,R308404,414,,01.11.2021
378,WCI124221,R308404,414,,06.12.2021
379,WCI124221,R308404,0,,13.12.2021
380,WCI124221,R308404,414,,10.01.2022
381,WCI124221,R308404,0,,24.01.2022
382,WCI124221,R308404,414,,14.02.2022
383,WCI124221,R308404,0,,07.03.2022
384,WCI124221,R308404,414,,21.03.2022
385,WCI124221,R308404,0,,04.04.2022
386,WCI124221,R308404,414,,25.04.2022
387,WCI124221,R308404,0,,16.05.2022
388,WCI124221,R308404,414,,30.05.2022
389,WCI124221,R308404,0,,27.06.2022
390,WCI124221,R308404,414,,11.07.2022
391,WCI124221,R308404,414,,30.08.2021
392,WCI124221,R308404,0,,11.10.2021
393,WCI124221,R308404,414,,01.11.2021
394,WCI124221,R308404,0,,06.12.2021
395,WCI124221,R308404,414,,13.12.2021
396,WCI124221,R308404,0,,10.01.2022
397,WCI124221,R308404,414,,17.01.2022
398,WCI124221,R308404,0,,14.02.2022
399,WCI124221,R308404,414,,28.02.2022
400,WCI124221,R308404,0,,28.03.2022
401,WCI124221,R308404,414,,04.04.2022
402,WCI124221,R308404,0,,02.05.2022
403,WCI124221,R308404,414,,16.05.2022
404,WCI124221,R308404,0,,06.06.2022
405,WCI124221,R308404,414,,27.06.2022
406,WCI124221,R308404,0,,25.07.2022
407,WCI124221,R308404,414,,30.08.2021
408,WCI124221,R308404,414,,01.11.2021
409,WCI124221,R308404,414,,13.12.2021
410,WCI124221,R308404,0,,17.01.2022
411,WCI124221,R308404,414,,24.01.2022
412,WCI124221,R308404,0,,28.02.2022
413,WCI124221,R308404,414,,07.03.2022
414,WCI124221,R308404,414,,04.04.2022
415,WCI124221,R308404,414,,16.05.2022
416,WCI124221,R308404,414,,27.06.2022
417,WCI124221,R308404,0,,08.08.2022
418,WCI124221,R308404,414,,30.08.2021
419,WCI124221,R308404,414,,11.10.2021
420,WCI124221,R308404,0,,01.11.2021
421,WCI124221,R308404,414,,06.12.2021
422,WCI124221,R308404,0,,20.12.2021
423,WCI124221,R308404,414,,10.01.2022
424,WCI124221,R308404,0,,24.01.2022
425,WCI124221,R308404,414,,14.02.2022
426,WCI124221,R308404,0,,07.03.2022
427,WCI124221,R308404,414,,28.03.2022
428,WCI124221,R308404,414,,02.05.2022
429,WCI124221,R308404,0,,09.05.2022
430,WCI124221,R308404,414,,06.06.2022
431,WCI124221,R308404,0,,20.06.2022
432,WCI124221,R308404,414,,25.07.2022
433,WCI124221,R308404,414,,30.08.2021
434,WCI124221,R308404,0,,11.10.2021
435,WCI124221,R308404,414,,01.11.2021
436,WCI124221,R308404,0,,06.12.2021
437,WCI124221,R308404,414,,13.12.2021
438,WCI124221,R308404,0,,10.01.2022
439,WCI124221,R308404,414,,17.01.2022
440,WCI124221,R308404,0,,14.02.2022
441,WCI124221,R308404,414,,28.02.2022
442,WCI124221,R308404,0,,28.03.2022
443,WCI124221,R308404,414,,04.04.2022
444,WCI124221,R308404,0,,02.05.2022
445,WCI124221,R308404,414,,16.05.2022
446,WCI124221,R308404,0,,06.06.2022
447,WCI124221,R308404,414,,27.06.2022
448,WCI124221,R308404,0,,25.07.2022
449,WCI124221,R308404,414,,30.08.2021
450,WCI124221,R308404,414,,01.11.2021
451,WCI124221,R308404,414,,20.12.2021
452,WCI124221,R308404,414,,24.01.2022
453,WCI124221,R308404,0,,31.01.2022
454,WCI124221,R308404,414,,07.03.2022
455,WCI124221,R308404,414,,28.03.2022
456,WCI124221,R308404,0,,11.04.2022
457,WCI124221,R308404,414,,09.05.2022
458,WCI124221,R308404,0,,23.05.2022
459,WCI124221,R308404,414,,20.06.2022
460,WCI124221,R308404,0,,27.06.2022
461,WCI124221,R308404,414,,30.08.2021
462,WCI124221,R308404,414,,11.10.2021
463,WCI124221,R308404,0,,01.11.2021
464,WCI124221,R308404,414,,06.12.2021
465,WCI124221,R308404,0,,20.12.2021
466,WCI124221,R308404,414,,10.01.2022
467,WCI124221,R308404,0,,24.01.2022
468,WCI124221,R308404,414,,14.02.2022
469,WCI124221,R308404,0,,07.03.2022
470,WCI124221,R308404,414,,28.03.2022
471,WCI124221,R308404,414,,02.05.2022
472,WCI124221,R308404,0,,09.05.2022
473,WCI124221,R308404,414,,06.06.2022
474,WCI124221,R308404,0,,20.06.2022
475,WCI124221,R308404,414,,25.07.2022
476,WCI124221,R308404,414,,30.08.2021
477,WCI124221,R308404,414,,01.11.2021
478,WCI124221,R308404,414,,20.12.2021
479,WCI124221,R308404,0,,24.01.2022
480,WCI124221,R308404,414,,31.01.2022
481,WCI124221,R308404,414,,07.03.2022
482,WCI124221,R308404,414,,11.04.2022
483,WCI124221,R308404,0,,16.05.2022
484,WCI124221,R308404,414,,23.05.2022
485,WCI124221,R308404,0,,20.06.2022
486,WCI124221,R308404,414,,27.06.2022
487,WCI124221,R308404,414,,01.11.2021
488,WCI124221,R308404,0,,22.11.2021
489,WCI124221,R308404,414,,06.12.2021
490,WCI124221,R308404,414,,03.01.2022
491,WCI124221,R308404,414,,07.02.2022
492,WCI124221,R308404,0,,14.03.2022
493,WCI124221,R308404,414,,21.03.2022
494,WCI124221,R308404,0,,11.04.2022
495,WCI124221,R308404,414,,18.04.2022
496,WCI124221,R308404,0,,16.05.2022
497,WCI124221,R308404,414,,23.05.2022
498,WCI124221,R308404,0,,20.06.2022
499,WCI124221,R308404,414,,11.07.2022
500,WCI124221,R308404,0,,01.08.2022
501,WCI124221,R308404,414,,05.09.2022
502,WCI124221,R308404,414,,30.08.2021
503,WCI124221,R308404,414,,01.11.2021
504,WCI124221,R308404,414,,20.12.2021
505,WCI124221,R308404,414,,24.01.2022
506,WCI124221,R308404,0,,31.01.2022
507,WCI124221,R308404,414,,07.03.2022
508,WCI124221,R308404,414,,28.03.2022
509,WCI124221,R308404,0,,11.04.2022
510,WCI124221,R308404,414,,09.05.2022
511,WCI124221,R308404,0,,23.05.2022
512,WCI124221,R308404,414,,20.06.2022
513,WCI124221,R308404,0,,27.06.2022
514,WCI124221,R308404,414,,12.07.2021
515,WCI124221,R308404,414,,30.08.2021
516,WCI124221,R308404,0,,18.10.2021
517,WCI124221,R308404,414,,01.11.2021
518,WCI124221,R308404,0,,13.12.2021
519,WCI124221,R308404,414,,20.12.2021
520,WCI124221,R308404,0,,17.01.2022
521,WCI124221,R308404,414,,31.01.2022
522,WCI124221,R308404,0,,28.02.2022
523,WCI124221,R308404,414,,07.03.2022
524,WCI124221,R308404,0,,04.04.2022
525,WCI124221,R308404,414,,11.04.2022
526,WCI124221,R308404,0,,09.05.2022
527,WCI124221,R308404,414,,23.05.2022
528,WCI124221,R308404,0,,20.06.2022
529,WCI124221,R308404,414,,30.08.2021
530,WCI124221,R308404,414,,01.11.2021
531,WCI124221,R308404,414,,20.12.2021
532,WCI124221,R308404,0,,24.01.2022
533,WCI124221,R308404,414,,31.01.2022
534,WCI124221,R308404,414,,07.03.2022
535,WCI124221,R308404,414,,11.04.2022
536,WCI124221,R308404,0,,16.05.2022
537,WCI124221,R308404,414,,23.05.2022
538,WCI124221,R308404,0,,20.06.2022
539,WCI124221,R308404,414,,27.06.2022
540,WCI124221,R308404,414,,12.07.2021
541,WCI124221,R308404,414,,30.08.2021
542,WCI124221,R308404,414,,18.10.2021
543,WCI124221,R308404,414,,13.12.2021
544,WCI124221,R308404,414,,17.01.2022
545,WCI124221,R308404,414,,28.02.2022
546,WCI124221,R308404,414,,04.04.2022
547,WCI124221,R308404,414,,09.05.2022
548,WCI124221,R308404,414,,20.06.2022
549,WCI124221,R308404,414,,12.07.2021
550,WCI124221,R308404,414,,30.08.2021
551,WCI124221,R308404,0,,06.09.2021
552,WCI124221,R308404,414,,18.10.2021
553,WCI124221,R308404,0,,01.11.2021
554,WCI124221,R308404,414,,13.12.2021
555,WCI124221,R308404,414,,17.01.2022
556,WCI124221,R308404,0,,24.01.2022
557,WCI124221,R308404,414,,28.02.2022
558,WCI124221,R308404,0,,07.03.2022
559,WCI124221,R308404,414,,04.04.2022
560,WCI124221,R308404,414,,09.05.2022
561,WCI124221,R308404,0,,16.05.2022
562,WCI124221,R308404,414,,30.08.2021
563,WCI124221,R308404,0,,06.09.2021
564,WCI124221,R308404,414,,01.11.2021
565,WCI124221,R308404,414,,20.12.2021
566,WCI124221,R308404,414,,24.01.2022
567,WCI124221,R308404,0,,31.01.2022
568,WCI124221,R308404,414,,07.03.2022
569,WCI124221,R308404,414,,11.04.2022
570,WCI124221,R308404,414,,16.05.2022
571,WCI124221,R308404,0,,23.05.2022
572,WCI124221,R308404,414,,20.06.2022
573,WCI124221,R308404,414,,01.11.2021
574,WCI124221,R308404,0,,22.11.2021
575,WCI124221,R308404,414,,06.12.2021
576,WCI124221,R308404,414,,03.01.2022
577,WCI124221,R308404,414,,07.02.2022
578,WCI124221,R308404,0,,14.03.2022
579,WCI124221,R308404,414,,21.03.2022
580,WCI124221,R308404,0,,11.04.2022
581,WCI124221,R308404,414,,18.04.2022
582,WCI124221,R308404,0,,16.05.2022
583,WCI124221,R308404,414,,23.05.2022
584,WCI124221,R308404,0,,20.06.2022
585,WCI124221,R308404,414,,11.07.2022
586,WCI124221,R308404,0,,01.08.2022
587,WCI124221,R308404,414,,05.09.2022
588,WCI124221,R308404,414,,12.07.2021
589,WCI124221,R308404,414,,30.08.2021
590,WCI124221,R308404,0,,18.10.2021
591,WCI124221,R308404,414,,01.11.2021
592,WCI124221,R308404,0,,13.12.2021
593,WCI124221,R308404,414,,20.12.2021
594,WCI124221,R308404,0,,17.01.2022
595,WCI124221,R308404,414,,31.01.2022
596,WCI124221,R308404,0,,28.02.2022
597,WCI124221,R308404,414,,07.03.2022
598,WCI124221,R308404,0,,04.04.2022
599,WCI124221,R308404,414,,11.04.2022
600,WCI124221,R308404,0,,09.05.2022
601,WCI124221,R308404,414,,23.05.2022
602,WCI124221,R308404,0,,20.06.2022
603,WCI124221,R308404,414,,21.06.2021
604,WCI124221,R308404,414,,12.07.2021
605,WCI124221,R308404,0,,30.08.2021
606,WCI124221,R308404,414,,06.09.2021
607,WCI124221,R308404,414,,01.11.2021
608,WCI124221,R308404,414,,13.12.2021
609,WCI124221,R308404,0,,17.01.2022
610,WCI124221,R308404,414,,24.01.2022
611,WCI124221,R308404,0,,28.02.2022
612,WCI124221,R308404,414,,07.03.2022
613,WCI124221,R308404,414,,04.04.2022
614,WCI124221,R308404,414,,16.05.2022
615,WCI124221,R308404,0,,30.05.2022
616,WCI124221,R308404,414,,12.07.2021
617,WCI124221,R308404,414,,30.08.2021
618,WCI124221,R308404,414,,18.10.2021
619,WCI124221,R308404,414,,13.12.2021
620,WCI124221,R308404,414,,17.01.2022
621,WCI124221,R308404,414,,28.02.2022
622,WCI124221,R308404,414,,04.04.2022
623,WCI124221,R308404,414,,09.05.2022
624,WCI124221,R308404,414,,20.06.2022
625,WCI124221,R308404,414,,12.07.2021
626,WCI124221,R308404,414,,30.08.2021
627,WCI124221,R308404,0,,06.09.2021
628,WCI124221,R308404,414,,18.10.2021
629,WCI124221,R308404,0,,01.11.2021
630,WCI124221,R308404,414,,13.12.2021
631,WCI124221,R308404,414,,17.01.2022
632,WCI124221,R308404,0,,24.01.2022
633,WCI124221,R308404,414,,28.02.2022
634,WCI124221,R308404,0,,07.03.2022
635,WCI124221,R308404,414,,04.04.2022
636,WCI124221,R308404,414,,09.05.2022
637,WCI124221,R308404,0,,16.05.2022
638,WCI124221,R308404,414,,01.11.2021
639,WCI124221,R308404,414,,22.11.2021
640,WCI124221,R308404,414,,03.01.2022
641,WCI124221,R308404,414,,07.02.2022
642,WCI124221,R308404,414,,14.03.2022
643,WCI124221,R308404,414,,11.04.2022
644,WCI124221,R308404,414,,16.05.2022
645,WCI124221,R308404,0,,23.05.2022
646,WCI124221,R308404,414,,20.06.2022
647,WCI124221,R308404,414,,01.08.2022
648,WCI124221,R308404,0,,08.08.2022
649,WCI124221,R308404,414,,21.06.2021
650,WCI124221,R308404,414,,12.07.2021
651,WCI124221,R308404,414,,30.08.2021
652,WCI124221,R308404,414,,01.11.2021
653,WCI124221,R308404,414,,13.12.2021
654,WCI124221,R308404,414,,17.01.2022
655,WCI124221,R308404,414,,28.02.2022
656,WCI124221,R308404,0,,07.03.2022
657,WCI124221,R308404,414,,04.04.2022
658,WCI124221,R308404,0,,11.04.2022
659,WCI124221,R308404,414,,12.07.2021
660,WCI124221,R308404,414,,06.09.2021
661,WCI124221,R308404,414,,01.11.2021
662,WCI124221,R308404,414,,13.12.2021
663,WCI124221,R308404,414,,24.01.2022
664,WCI124221,R308404,414,,07.03.2022
665,WCI124221,R308404,414,,04.04.2022
666,WCI124221,R308404,414,,16.05.2022
